Registro ID;Segmento;Segmento ID;Diretoria ID;Diretoria Nome;Gerencia ID;Gerencia Nome;Regional Nome;Agencia ID;Agencia Nome;Agencia Codigo;Gerente Gestao ID;Gerente Gestao Nome;Gerente ID;Gerente Nome;Familia ID;Familia Nome;id_indicador;ds_indicador;Subproduto;Carteira;Canal Venda;Tipo Venda;Modalidade Pagamento;Data;Competencia;Meta Mensal;Meta Acumulada;Variavel Meta;Peso
REG-001-2025-01;Negcios;8609;1;Norte & Nordeste;1234;Regional Fortaleza;Regional Fortaleza;1001;Fortaleza Centro;1001;1026752;Danilo Dourado;9937874;Ana Lima;captacao;CAPTAÇÃO;captacao_bruta;Captação Bruta;Aplicação;Carteira Atlas;Agência física;Venda consultiva;À vista;2025-01-05;2025-01-01;3264000;18292000;105600;1
REG-002-2025-01;Negcios;8609;1;Norte & Nordeste;1234;Regional Fortaleza;Regional Fortaleza;1001;Fortaleza Centro;1001;1026752;Danilo Dourado;9937874;Ana Lima;captacao;CAPTAÇÃO;captacao_liquida;Captação Líquida;Resgate;Carteira Delta;Digital;Cross-sell;À vista;2025-01-06;2025-01-01;2006000;13362000;79200;1
REG-003-2025-01;Negcios;8609;1;Norte & Nordeste;1234;Regional Fortaleza;Regional Fortaleza;1001;Fortaleza Centro;1001;1026752;Danilo Dourado;9937874;Ana Lima;captacao;CAPTAÇÃO;portab_prev;Portabilidade de Previdência Privada;Portabilidade;Carteira Portabilidade;Correspondente;Venda direta;Parcelado;2025-01-07;2025-01-01;714000;4692000;62700;1
REG-004-2025-01;Negcios;8609;1;Norte & Nordeste;1234;Regional Fortaleza;Regional Fortaleza;1001;Fortaleza Centro;1001;1026752;Danilo Dourado;9937874;Ana Lima;captacao;CAPTAÇÃO;centralizacao;Centralização de Caixa;Cash;Carteira Central;APP Empresas;Venda consultiva;À vista;2025-01-08;2025-01-01;2176000;15504000;92400;1
REG-005-2025-01;Empresas;8608;2;Norte & Nordeste;3345;Regional Recife;Regional Recife;1002;Recife Boa Vista;1002;9202947;Pedro Vinicius;7726536;Paulo Nunes;financeiro;FINANCEIRO;rec_vencidos_59;Recuperação de Vencidos até 59 dias;Carteira ativa;Carteira Recife;Agência física;Venda direta;À vista;2025-01-09;2025-01-01;462400;2937600;58080;1
REG-006-2025-01;Empresas;8608;2;Norte & Nordeste;3345;Regional Recife;Regional Recife;1002;Recife Boa Vista;1002;9202947;Pedro Vinicius;7726536;Paulo Nunes;financeiro;FINANCEIRO;rec_vencidos_50mais;Recuperação de Vencidos acima de 50 dias;Carteira judicial;Carteira Especial;Digital;Pós-venda;Parcelado;2025-01-10;2025-01-01;367200;2529600;50160;1
REG-007-2025-01;Empresas;8608;2;Norte & Nordeste;3345;Regional Recife;Regional Recife;1002;Recife Boa Vista;1002;9202947;Pedro Vinicius;7726536;Paulo Nunes;financeiro;FINANCEIRO;rec_credito;Recuperação de Crédito;Renegociação;Carteira Negócio;Agência física;Venda consultiva;À vista;2025-01-11;2025-01-01;1237600;8282400;87120;1
REG-008-2025-01;Empresas;8608;2;Sudeste;5675;Regional São Paulo;Regional São Paulo;1004;Avenida Paulista;1004;3166765;Juliane Negretti;3425342;Juliana Prado;credito;CRÉDITO;prod_credito_pj;Produção de Crédito PJ;Linha PJ;Carteira Empresas;Agência física;Venda consultiva;Parcelado;2025-01-12;2025-01-01;2992000;19992000;138600;1
REG-009-2025-01;Empresas;8608;2;Sudeste;5675;Regional São Paulo;Regional São Paulo;1004;Avenida Paulista;1004;3166765;Juliane Negretti;3425342;Juliana Prado;credito;CRÉDITO;rotativo_pj_vol;Limite Rotativo PJ (Volume);Volume;Carteira Rotativo Volume;Digital;Cross-sell;À vista;2025-01-13;2025-01-01;884000;6099600;77880;1
REG-010-2025-01;Empresas;8608;2;Sudeste;5675;Regional São Paulo;Regional São Paulo;1004;Avenida Paulista;1004;3166765;Juliane Negretti;3425342;Juliana Prado;credito;CRÉDITO;rotativo_pj_qtd;Limite Rotativo PJ (Quantidade);Quantidade;Carteira Rotativo Qtd;Correspondente;Venda direta;Parcelado;2025-01-14;2025-01-01;217.6;1428;63360;1
REG-011-2025-01;Negcios;8609;4;Sudeste;1253;Regional São Paulo;Regional São Paulo;1004;Avenida Paulista;1004;2266483;Bruno Moreira;8778390;Bruno Garcia;ligadas;LIGADAS;cartoes;Cartões;Cartões PJ;Carteira Capital;Agência física;Venda consultiva;À vista;2025-01-15;2025-01-01;68;68;44880;1
REG-012-2025-01;Negcios;8609;4;Sudeste;1253;Regional São Paulo;Regional São Paulo;1004;Avenida Paulista;1004;2266483;Bruno Moreira;8778390;Bruno Garcia;ligadas;LIGADAS;consorcios;Consórcios;Consórcios PJ;Carteira Bandeirantes;Digital;Pós-venda;Parcelado;2025-01-16;2025-01-01;68;68;42240;1
REG-013-2025-01;Negcios;8609;4;Sudeste;1253;Regional São Paulo;Regional São Paulo;1004;Avenida Paulista;1004;2266483;Bruno Moreira;8778390;Bruno Garcia;ligadas;LIGADAS;seguros;Seguros;Seguros PJ;Carteira Proteção;Agência física;Venda consultiva;À vista;2025-01-17;2025-01-01;68;68;51480;1
REG-014-2025-01;MEI;8888;5;Sul & Centro-Oeste;5577;Regional Curitiba;Regional Curitiba;1003;Curitiba Batel;1003;1098367;Paula Cristina;6766543;Carla Menezes;produtividade;PRODUTIVIDADE;sucesso_equipe_credito;Sucesso de Equipe Crédito;Equipe Crédito;Carteira Performance;APP Empresas;Pós-venda;À vista;2025-01-18;2025-01-01;68;68;59400;1
REG-015-2025-01;MEI;8888;5;Sul & Centro-Oeste;5577;Regional Curitiba;Regional Curitiba;1003;Curitiba Batel;1003;1098367;Paula Cristina;6766543;Carla Menezes;clientes;CLIENTES;conquista_qualif_pj;Conquista Qualificada Gerenciado PJ;Qualificação;Carteira Conquista;Agência física;Venda consultiva;À vista;2025-01-19;2025-01-01;122.4;652.8;40260;1
REG-016-2025-01;MEI;8888;5;Sul & Centro-Oeste;5577;Regional Curitiba;Regional Curitiba;1003;Curitiba Batel;1003;1098367;Paula Cristina;6766543;Carla Menezes;clientes;CLIENTES;conquista_folha;Conquista de Clientes Folha de Pagamento;Folha;Carteira Folha;Digital;Cross-sell;Parcelado;2025-01-20;2025-01-01;95.2;591.6;36960;1
REG-017-2025-01;MEI;8888;5;Sul & Centro-Oeste;5577;Regional Curitiba;Regional Curitiba;1003;Curitiba Batel;1003;1098367;Paula Cristina;6766543;Carla Menezes;clientes;CLIENTES;bradesco_expresso;Bradesco Expresso;Expresso;Carteira Expresso;Correspondente;Venda direta;À vista;2025-01-21;2025-01-01;68;68;34320;1
REG-001-2025-02;Negcios;8609;1;Norte & Nordeste;1234;Regional Fortaleza;Regional Fortaleza;1001;Fortaleza Centro;1001;1026752;Danilo Dourado;9937874;Ana Lima;captacao;CAPTAÇÃO;captacao_bruta;Captação Bruta;Aplicação;Carteira Atlas;Agência física;Venda consultiva;À vista;2025-02-05;2025-02-01;3456000;19368000;112400;1
REG-002-2025-02;Negcios;8609;1;Norte & Nordeste;1234;Regional Fortaleza;Regional Fortaleza;1001;Fortaleza Centro;1001;1026752;Danilo Dourado;9937874;Ana Lima;captacao;CAPTAÇÃO;captacao_liquida;Captação Líquida;Resgate;Carteira Delta;Digital;Cross-sell;À vista;2025-02-06;2025-02-01;2124000;14148000;84300;1
REG-003-2025-02;Negcios;8609;1;Norte & Nordeste;1234;Regional Fortaleza;Regional Fortaleza;1001;Fortaleza Centro;1001;1026752;Danilo Dourado;9937874;Ana Lima;captacao;CAPTAÇÃO;portab_prev;Portabilidade de Previdência Privada;Portabilidade;Carteira Portabilidade;Correspondente;Venda direta;Parcelado;2025-02-07;2025-02-01;756000;4968000;66738;1
REG-004-2025-02;Negcios;8609;1;Norte & Nordeste;1234;Regional Fortaleza;Regional Fortaleza;1001;Fortaleza Centro;1001;1026752;Danilo Dourado;9937874;Ana Lima;captacao;CAPTAÇÃO;centralizacao;Centralização de Caixa;Cash;Carteira Central;APP Empresas;Venda consultiva;À vista;2025-02-08;2025-02-01;2304000;16416000;98350;1
REG-005-2025-02;Empresas;8608;2;Norte & Nordeste;3345;Regional Recife;Regional Recife;1002;Recife Boa Vista;1002;9202947;Pedro Vinicius;7726536;Paulo Nunes;financeiro;FINANCEIRO;rec_vencidos_59;Recuperação de Vencidos até 59 dias;Carteira ativa;Carteira Recife;Agência física;Venda direta;À vista;2025-02-09;2025-02-01;489600;3110400;61820;1
REG-006-2025-02;Empresas;8608;2;Norte & Nordeste;3345;Regional Recife;Regional Recife;1002;Recife Boa Vista;1002;9202947;Pedro Vinicius;7726536;Paulo Nunes;financeiro;FINANCEIRO;rec_vencidos_50mais;Recuperação de Vencidos acima de 50 dias;Carteira judicial;Carteira Especial;Digital;Pós-venda;Parcelado;2025-02-10;2025-02-01;388800;2678400;53390;1
REG-007-2025-02;Empresas;8608;2;Norte & Nordeste;3345;Regional Recife;Regional Recife;1002;Recife Boa Vista;1002;9202947;Pedro Vinicius;7726536;Paulo Nunes;financeiro;FINANCEIRO;rec_credito;Recuperação de Crédito;Renegociação;Carteira Negócio;Agência física;Venda consultiva;À vista;2025-02-11;2025-02-01;1310400;8769600;92730;1
REG-008-2025-02;Empresas;8608;2;Sudeste;5675;Regional São Paulo;Regional São Paulo;1004;Avenida Paulista;1004;3166765;Juliane Negretti;3425342;Juliana Prado;credito;CRÉDITO;prod_credito_pj;Produção de Crédito PJ;Linha PJ;Carteira Empresas;Agência física;Venda consultiva;Parcelado;2025-02-12;2025-02-01;3168000;21168000;147525;1
REG-009-2025-02;Empresas;8608;2;Sudeste;5675;Regional São Paulo;Regional São Paulo;1004;Avenida Paulista;1004;3166765;Juliane Negretti;3425342;Juliana Prado;credito;CRÉDITO;rotativo_pj_vol;Limite Rotativo PJ (Volume);Volume;Carteira Rotativo Volume;Digital;Cross-sell;À vista;2025-02-13;2025-02-01;936000;6458400;82895;1
REG-010-2025-02;Empresas;8608;2;Sudeste;5675;Regional São Paulo;Regional São Paulo;1004;Avenida Paulista;1004;3166765;Juliane Negretti;3425342;Juliana Prado;credito;CRÉDITO;rotativo_pj_qtd;Limite Rotativo PJ (Quantidade);Quantidade;Carteira Rotativo Qtd;Correspondente;Venda direta;Parcelado;2025-02-14;2025-02-01;230.4;1512;67440;1
REG-011-2025-02;Negcios;8609;4;Sudeste;1253;Regional São Paulo;Regional São Paulo;1004;Avenida Paulista;1004;2266483;Bruno Moreira;8778390;Bruno Garcia;ligadas;LIGADAS;cartoes;Cartões;Cartões PJ;Carteira Capital;Agência física;Venda consultiva;À vista;2025-02-15;2025-02-01;72;72;47770;1
REG-012-2025-02;Negcios;8609;4;Sudeste;1253;Regional São Paulo;Regional São Paulo;1004;Avenida Paulista;1004;2266483;Bruno Moreira;8778390;Bruno Garcia;ligadas;LIGADAS;consorcios;Consórcios;Consórcios PJ;Carteira Bandeirantes;Digital;Pós-venda;Parcelado;2025-02-16;2025-02-01;72;72;44960;1
REG-013-2025-02;Negcios;8609;4;Sudeste;1253;Regional São Paulo;Regional São Paulo;1004;Avenida Paulista;1004;2266483;Bruno Moreira;8778390;Bruno Garcia;ligadas;LIGADAS;seguros;Seguros;Seguros PJ;Carteira Proteção;Agência física;Venda consultiva;À vista;2025-02-17;2025-02-01;72;72;54795;1
REG-014-2025-02;MEI;8888;5;Sul & Centro-Oeste;5577;Regional Curitiba;Regional Curitiba;1003;Curitiba Batel;1003;1098367;Paula Cristina;6766543;Carla Menezes;produtividade;PRODUTIVIDADE;sucesso_equipe_credito;Sucesso de Equipe Crédito;Equipe Crédito;Carteira Performance;APP Empresas;Pós-venda;À vista;2025-02-18;2025-02-01;72;72;63225;1
REG-015-2025-02;MEI;8888;5;Sul & Centro-Oeste;5577;Regional Curitiba;Regional Curitiba;1003;Curitiba Batel;1003;1098367;Paula Cristina;6766543;Carla Menezes;clientes;CLIENTES;conquista_qualif_pj;Conquista Qualificada Gerenciado PJ;Qualificação;Carteira Conquista;Agência física;Venda consultiva;À vista;2025-02-19;2025-02-01;129.6;691.2;42852;1
REG-016-2025-02;MEI;8888;5;Sul & Centro-Oeste;5577;Regional Curitiba;Regional Curitiba;1003;Curitiba Batel;1003;1098367;Paula Cristina;6766543;Carla Menezes;clientes;CLIENTES;conquista_folha;Conquista de Clientes Folha de Pagamento;Folha;Carteira Folha;Digital;Cross-sell;Parcelado;2025-02-20;2025-02-01;100.8;626.4;39340;1
REG-017-2025-02;MEI;8888;5;Sul & Centro-Oeste;5577;Regional Curitiba;Regional Curitiba;1003;Curitiba Batel;1003;1098367;Paula Cristina;6766543;Carla Menezes;clientes;CLIENTES;bradesco_expresso;Bradesco Expresso;Expresso;Carteira Expresso;Correspondente;Venda direta;À vista;2025-02-21;2025-02-01;72;72;36530;1
REG-001-2025-03;Negcios;8609;1;Norte & Nordeste;1234;Regional Fortaleza;Regional Fortaleza;1001;Fortaleza Centro;1001;1026752;Danilo Dourado;9937874;Ana Lima;captacao;CAPTAÇÃO;captacao_bruta;Captação Bruta;Aplicação;Carteira Atlas;Agência física;Venda consultiva;À vista;2025-03-05;2025-03-01;3648000;20444000;119200;1
REG-002-2025-03;Negcios;8609;1;Norte & Nordeste;1234;Regional Fortaleza;Regional Fortaleza;1001;Fortaleza Centro;1001;1026752;Danilo Dourado;9937874;Ana Lima;captacao;CAPTAÇÃO;captacao_liquida;Captação Líquida;Resgate;Carteira Delta;Digital;Cross-sell;À vista;2025-03-06;2025-03-01;2242000;14934000;89400;1
REG-003-2025-03;Negcios;8609;1;Norte & Nordeste;1234;Regional Fortaleza;Regional Fortaleza;1001;Fortaleza Centro;1001;1026752;Danilo Dourado;9937874;Ana Lima;captacao;CAPTAÇÃO;portab_prev;Portabilidade de Previdência Privada;Portabilidade;Carteira Portabilidade;Correspondente;Venda direta;Parcelado;2025-03-07;2025-03-01;798000;5244000;70775;1
REG-004-2025-03;Negcios;8609;1;Norte & Nordeste;1234;Regional Fortaleza;Regional Fortaleza;1001;Fortaleza Centro;1001;1026752;Danilo Dourado;9937874;Ana Lima;captacao;CAPTAÇÃO;centralizacao;Centralização de Caixa;Cash;Carteira Central;APP Empresas;Venda consultiva;À vista;2025-03-08;2025-03-01;2432000;17328000;104300;1
REG-005-2025-03;Empresas;8608;2;Norte & Nordeste;3345;Regional Recife;Regional Recife;1002;Recife Boa Vista;1002;9202947;Pedro Vinicius;7726536;Paulo Nunes;financeiro;FINANCEIRO;rec_vencidos_59;Recuperação de Vencidos até 59 dias;Carteira ativa;Carteira Recife;Agência física;Venda direta;À vista;2025-03-09;2025-03-01;516800;3283200;65560;1
REG-006-2025-03;Empresas;8608;2;Norte & Nordeste;3345;Regional Recife;Regional Recife;1002;Recife Boa Vista;1002;9202947;Pedro Vinicius;7726536;Paulo Nunes;financeiro;FINANCEIRO;rec_vencidos_50mais;Recuperação de Vencidos acima de 50 dias;Carteira judicial;Carteira Especial;Digital;Pós-venda;Parcelado;2025-03-10;2025-03-01;410400;2827200;56620;1
REG-007-2025-03;Empresas;8608;2;Norte & Nordeste;3345;Regional Recife;Regional Recife;1002;Recife Boa Vista;1002;9202947;Pedro Vinicius;7726536;Paulo Nunes;financeiro;FINANCEIRO;rec_credito;Recuperação de Crédito;Renegociação;Carteira Negócio;Agência física;Venda consultiva;À vista;2025-03-11;2025-03-01;1383200;9256800;98340;1
REG-008-2025-03;Empresas;8608;2;Sudeste;5675;Regional São Paulo;Regional São Paulo;1004;Avenida Paulista;1004;3166765;Juliane Negretti;3425342;Juliana Prado;credito;CRÉDITO;prod_credito_pj;Produção de Crédito PJ;Linha PJ;Carteira Empresas;Agência física;Venda consultiva;Parcelado;2025-03-12;2025-03-01;3344000;22344000;156450;1
REG-009-2025-03;Empresas;8608;2;Sudeste;5675;Regional São Paulo;Regional São Paulo;1004;Avenida Paulista;1004;3166765;Juliane Negretti;3425342;Juliana Prado;credito;CRÉDITO;rotativo_pj_vol;Limite Rotativo PJ (Volume);Volume;Carteira Rotativo Volume;Digital;Cross-sell;À vista;2025-03-13;2025-03-01;988000;6817200;87910;1
REG-010-2025-03;Empresas;8608;2;Sudeste;5675;Regional São Paulo;Regional São Paulo;1004;Avenida Paulista;1004;3166765;Juliane Negretti;3425342;Juliana Prado;credito;CRÉDITO;rotativo_pj_qtd;Limite Rotativo PJ (Quantidade);Quantidade;Carteira Rotativo Qtd;Correspondente;Venda direta;Parcelado;2025-03-14;2025-03-01;243.2;1596;71520;1
REG-011-2025-03;Negcios;8609;4;Sudeste;1253;Regional São Paulo;Regional São Paulo;1004;Avenida Paulista;1004;2266483;Bruno Moreira;8778390;Bruno Garcia;ligadas;LIGADAS;cartoes;Cartões;Cartões PJ;Carteira Capital;Agência física;Venda consultiva;À vista;2025-03-15;2025-03-01;76;76;50660;1
REG-012-2025-03;Negcios;8609;4;Sudeste;1253;Regional São Paulo;Regional São Paulo;1004;Avenida Paulista;1004;2266483;Bruno Moreira;8778390;Bruno Garcia;ligadas;LIGADAS;consorcios;Consórcios;Consórcios PJ;Carteira Bandeirantes;Digital;Pós-venda;Parcelado;2025-03-16;2025-03-01;76;76;47680;1
REG-013-2025-03;Negcios;8609;4;Sudeste;1253;Regional São Paulo;Regional São Paulo;1004;Avenida Paulista;1004;2266483;Bruno Moreira;8778390;Bruno Garcia;ligadas;LIGADAS;seguros;Seguros;Seguros PJ;Carteira Proteção;Agência física;Venda consultiva;À vista;2025-03-17;2025-03-01;76;76;58110;1
REG-014-2025-03;MEI;8888;5;Sul & Centro-Oeste;5577;Regional Curitiba;Regional Curitiba;1003;Curitiba Batel;1003;1098367;Paula Cristina;6766543;Carla Menezes;produtividade;PRODUTIVIDADE;sucesso_equipe_credito;Sucesso de Equipe Crédito;Equipe Crédito;Carteira Performance;APP Empresas;Pós-venda;À vista;2025-03-18;2025-03-01;76;76;67050;1
REG-015-2025-03;MEI;8888;5;Sul & Centro-Oeste;5577;Regional Curitiba;Regional Curitiba;1003;Curitiba Batel;1003;1098367;Paula Cristina;6766543;Carla Menezes;clientes;CLIENTES;conquista_qualif_pj;Conquista Qualificada Gerenciado PJ;Qualificação;Carteira Conquista;Agência física;Venda consultiva;À vista;2025-03-19;2025-03-01;136.8;729.6;45445;1
REG-016-2025-03;MEI;8888;5;Sul & Centro-Oeste;5577;Regional Curitiba;Regional Curitiba;1003;Curitiba Batel;1003;1098367;Paula Cristina;6766543;Carla Menezes;clientes;CLIENTES;conquista_folha;Conquista de Clientes Folha de Pagamento;Folha;Carteira Folha;Digital;Cross-sell;Parcelado;2025-03-20;2025-03-01;106.4;661.2;41720;1
REG-017-2025-03;MEI;8888;5;Sul & Centro-Oeste;5577;Regional Curitiba;Regional Curitiba;1003;Curitiba Batel;1003;1098367;Paula Cristina;6766543;Carla Menezes;clientes;CLIENTES;bradesco_expresso;Bradesco Expresso;Expresso;Carteira Expresso;Correspondente;Venda direta;À vista;2025-03-21;2025-03-01;76;76;38740;1
REG-001-2025-04;Negcios;8609;1;Norte & Nordeste;1234;Regional Fortaleza;Regional Fortaleza;1001;Fortaleza Centro;1001;1026752;Danilo Dourado;9937874;Ana Lima;captacao;CAPTAÇÃO;captacao_bruta;Captação Bruta;Aplicação;Carteira Atlas;Agência física;Venda consultiva;À vista;2025-04-05;2025-04-01;3840000;21520000;126000;1
REG-002-2025-04;Negcios;8609;1;Norte & Nordeste;1234;Regional Fortaleza;Regional Fortaleza;1001;Fortaleza Centro;1001;1026752;Danilo Dourado;9937874;Ana Lima;captacao;CAPTAÇÃO;captacao_liquida;Captação Líquida;Resgate;Carteira Delta;Digital;Cross-sell;À vista;2025-04-06;2025-04-01;2360000;15720000;94500;1
REG-003-2025-04;Negcios;8609;1;Norte & Nordeste;1234;Regional Fortaleza;Regional Fortaleza;1001;Fortaleza Centro;1001;1026752;Danilo Dourado;9937874;Ana Lima;captacao;CAPTAÇÃO;portab_prev;Portabilidade de Previdência Privada;Portabilidade;Carteira Portabilidade;Correspondente;Venda direta;Parcelado;2025-04-07;2025-04-01;840000;5520000;74813;1
REG-004-2025-04;Negcios;8609;1;Norte & Nordeste;1234;Regional Fortaleza;Regional Fortaleza;1001;Fortaleza Centro;1001;1026752;Danilo Dourado;9937874;Ana Lima;captacao;CAPTAÇÃO;centralizacao;Centralização de Caixa;Cash;Carteira Central;APP Empresas;Venda consultiva;À vista;2025-04-08;2025-04-01;2560000;18240000;110250;1
REG-005-2025-04;Empresas;8608;2;Norte & Nordeste;3345;Regional Recife;Regional Recife;1002;Recife Boa Vista;1002;9202947;Pedro Vinicius;7726536;Paulo Nunes;financeiro;FINANCEIRO;rec_vencidos_59;Recuperação de Vencidos até 59 dias;Carteira ativa;Carteira Recife;Agência física;Venda direta;À vista;2025-04-09;2025-04-01;544000;3456000;69300;1
REG-006-2025-04;Empresas;8608;2;Norte & Nordeste;3345;Regional Recife;Regional Recife;1002;Recife Boa Vista;1002;9202947;Pedro Vinicius;7726536;Paulo Nunes;financeiro;FINANCEIRO;rec_vencidos_50mais;Recuperação de Vencidos acima de 50 dias;Carteira judicial;Carteira Especial;Digital;Pós-venda;Parcelado;2025-04-10;2025-04-01;432000;2976000;59850;1
REG-007-2025-04;Empresas;8608;2;Norte & Nordeste;3345;Regional Recife;Regional Recife;1002;Recife Boa Vista;1002;9202947;Pedro Vinicius;7726536;Paulo Nunes;financeiro;FINANCEIRO;rec_credito;Recuperação de Crédito;Renegociação;Carteira Negócio;Agência física;Venda consultiva;À vista;2025-04-11;2025-04-01;1456000;9744000;103950;1
REG-008-2025-04;Empresas;8608;2;Sudeste;5675;Regional São Paulo;Regional São Paulo;1004;Avenida Paulista;1004;3166765;Juliane Negretti;3425342;Juliana Prado;credito;CRÉDITO;prod_credito_pj;Produção de Crédito PJ;Linha PJ;Carteira Empresas;Agência física;Venda consultiva;Parcelado;2025-04-12;2025-04-01;3520000;23520000;165375;1
REG-009-2025-04;Empresas;8608;2;Sudeste;5675;Regional São Paulo;Regional São Paulo;1004;Avenida Paulista;1004;3166765;Juliane Negretti;3425342;Juliana Prado;credito;CRÉDITO;rotativo_pj_vol;Limite Rotativo PJ (Volume);Volume;Carteira Rotativo Volume;Digital;Cross-sell;À vista;2025-04-13;2025-04-01;1040000;7176000;92925;1
REG-010-2025-04;Empresas;8608;2;Sudeste;5675;Regional São Paulo;Regional São Paulo;1004;Avenida Paulista;1004;3166765;Juliane Negretti;3425342;Juliana Prado;credito;CRÉDITO;rotativo_pj_qtd;Limite Rotativo PJ (Quantidade);Quantidade;Carteira Rotativo Qtd;Correspondente;Venda direta;Parcelado;2025-04-14;2025-04-01;256;1680;75600;1
REG-011-2025-04;Negcios;8609;4;Sudeste;1253;Regional São Paulo;Regional São Paulo;1004;Avenida Paulista;1004;2266483;Bruno Moreira;8778390;Bruno Garcia;ligadas;LIGADAS;cartoes;Cartões;Cartões PJ;Carteira Capital;Agência física;Venda consultiva;À vista;2025-04-15;2025-04-01;80;80;53550;1
REG-012-2025-04;Negcios;8609;4;Sudeste;1253;Regional São Paulo;Regional São Paulo;1004;Avenida Paulista;1004;2266483;Bruno Moreira;8778390;Bruno Garcia;ligadas;LIGADAS;consorcios;Consórcios;Consórcios PJ;Carteira Bandeirantes;Digital;Pós-venda;Parcelado;2025-04-16;2025-04-01;80;80;50400;1
REG-013-2025-04;Negcios;8609;4;Sudeste;1253;Regional São Paulo;Regional São Paulo;1004;Avenida Paulista;1004;2266483;Bruno Moreira;8778390;Bruno Garcia;ligadas;LIGADAS;seguros;Seguros;Seguros PJ;Carteira Proteção;Agência física;Venda consultiva;À vista;2025-04-17;2025-04-01;80;80;61425;1
REG-014-2025-04;MEI;8888;5;Sul & Centro-Oeste;5577;Regional Curitiba;Regional Curitiba;1003;Curitiba Batel;1003;1098367;Paula Cristina;6766543;Carla Menezes;produtividade;PRODUTIVIDADE;sucesso_equipe_credito;Sucesso de Equipe Crédito;Equipe Crédito;Carteira Performance;APP Empresas;Pós-venda;À vista;2025-04-18;2025-04-01;80;80;70875;1
REG-015-2025-04;MEI;8888;5;Sul & Centro-Oeste;5577;Regional Curitiba;Regional Curitiba;1003;Curitiba Batel;1003;1098367;Paula Cristina;6766543;Carla Menezes;clientes;CLIENTES;conquista_qualif_pj;Conquista Qualificada Gerenciado PJ;Qualificação;Carteira Conquista;Agência física;Venda consultiva;À vista;2025-04-19;2025-04-01;144;768;48038;1
REG-016-2025-04;MEI;8888;5;Sul & Centro-Oeste;5577;Regional Curitiba;Regional Curitiba;1003;Curitiba Batel;1003;1098367;Paula Cristina;6766543;Carla Menezes;clientes;CLIENTES;conquista_folha;Conquista de Clientes Folha de Pagamento;Folha;Carteira Folha;Digital;Cross-sell;Parcelado;2025-04-20;2025-04-01;112;696;44100;1
REG-017-2025-04;MEI;8888;5;Sul & Centro-Oeste;5577;Regional Curitiba;Regional Curitiba;1003;Curitiba Batel;1003;1098367;Paula Cristina;6766543;Carla Menezes;clientes;CLIENTES;bradesco_expresso;Bradesco Expresso;Expresso;Carteira Expresso;Correspondente;Venda direta;À vista;2025-04-21;2025-04-01;80;80;40950;1
REG-001-2025-05;Negcios;8609;1;Norte & Nordeste;1234;Regional Fortaleza;Regional Fortaleza;1001;Fortaleza Centro;1001;1026752;Danilo Dourado;9937874;Ana Lima;captacao;CAPTAÇÃO;captacao_bruta;Captação Bruta;Aplicação;Carteira Atlas;Agência física;Venda consultiva;À vista;2025-05-05;2025-05-01;4032000;22596000;132800;1
REG-002-2025-05;Negcios;8609;1;Norte & Nordeste;1234;Regional Fortaleza;Regional Fortaleza;1001;Fortaleza Centro;1001;1026752;Danilo Dourado;9937874;Ana Lima;captacao;CAPTAÇÃO;captacao_liquida;Captação Líquida;Resgate;Carteira Delta;Digital;Cross-sell;À vista;2025-05-06;2025-05-01;2478000;16506000;99600;1
REG-003-2025-05;Negcios;8609;1;Norte & Nordeste;1234;Regional Fortaleza;Regional Fortaleza;1001;Fortaleza Centro;1001;1026752;Danilo Dourado;9937874;Ana Lima;captacao;CAPTAÇÃO;portab_prev;Portabilidade de Previdência Privada;Portabilidade;Carteira Portabilidade;Correspondente;Venda direta;Parcelado;2025-05-07;2025-05-01;882000;5796000;78850;1
REG-004-2025-05;Negcios;8609;1;Norte & Nordeste;1234;Regional Fortaleza;Regional Fortaleza;1001;Fortaleza Centro;1001;1026752;Danilo Dourado;9937874;Ana Lima;captacao;CAPTAÇÃO;centralizacao;Centralização de Caixa;Cash;Carteira Central;APP Empresas;Venda consultiva;À vista;2025-05-08;2025-05-01;2688000;19152000;116200;1
REG-005-2025-05;Empresas;8608;2;Norte & Nordeste;3345;Regional Recife;Regional Recife;1002;Recife Boa Vista;1002;9202947;Pedro Vinicius;7726536;Paulo Nunes;financeiro;FINANCEIRO;rec_vencidos_59;Recuperação de Vencidos até 59 dias;Carteira ativa;Carteira Recife;Agência física;Venda direta;À vista;2025-05-09;2025-05-01;571200;3628800;73040;1
REG-006-2025-05;Empresas;8608;2;Norte & Nordeste;3345;Regional Recife;Regional Recife;1002;Recife Boa Vista;1002;9202947;Pedro Vinicius;7726536;Paulo Nunes;financeiro;FINANCEIRO;rec_vencidos_50mais;Recuperação de Vencidos acima de 50 dias;Carteira judicial;Carteira Especial;Digital;Pós-venda;Parcelado;2025-05-10;2025-05-01;453600;3124800;63080;1
REG-007-2025-05;Empresas;8608;2;Norte & Nordeste;3345;Regional Recife;Regional Recife;1002;Recife Boa Vista;1002;9202947;Pedro Vinicius;7726536;Paulo Nunes;financeiro;FINANCEIRO;rec_credito;Recuperação de Crédito;Renegociação;Carteira Negócio;Agência física;Venda consultiva;À vista;2025-05-11;2025-05-01;1528800;10231200;109560;1
REG-008-2025-05;Empresas;8608;2;Sudeste;5675;Regional São Paulo;Regional São Paulo;1004;Avenida Paulista;1004;3166765;Juliane Negretti;3425342;Juliana Prado;credito;CRÉDITO;prod_credito_pj;Produção de Crédito PJ;Linha PJ;Carteira Empresas;Agência física;Venda consultiva;Parcelado;2025-05-12;2025-05-01;3696000;24696000;174300;1
REG-009-2025-05;Empresas;8608;2;Sudeste;5675;Regional São Paulo;Regional São Paulo;1004;Avenida Paulista;1004;3166765;Juliane Negretti;3425342;Juliana Prado;credito;CRÉDITO;rotativo_pj_vol;Limite Rotativo PJ (Volume);Volume;Carteira Rotativo Volume;Digital;Cross-sell;À vista;2025-05-13;2025-05-01;1092000;7534800;97940;1
REG-010-2025-05;Empresas;8608;2;Sudeste;5675;Regional São Paulo;Regional São Paulo;1004;Avenida Paulista;1004;3166765;Juliane Negretti;3425342;Juliana Prado;credito;CRÉDITO;rotativo_pj_qtd;Limite Rotativo PJ (Quantidade);Quantidade;Carteira Rotativo Qtd;Correspondente;Venda direta;Parcelado;2025-05-14;2025-05-01;268.8;1764;79680;1
REG-011-2025-05;Negcios;8609;4;Sudeste;1253;Regional São Paulo;Regional São Paulo;1004;Avenida Paulista;1004;2266483;Bruno Moreira;8778390;Bruno Garcia;ligadas;LIGADAS;cartoes;Cartões;Cartões PJ;Carteira Capital;Agência física;Venda consultiva;À vista;2025-05-15;2025-05-01;84;84;56440;1
REG-012-2025-05;Negcios;8609;4;Sudeste;1253;Regional São Paulo;Regional São Paulo;1004;Avenida Paulista;1004;2266483;Bruno Moreira;8778390;Bruno Garcia;ligadas;LIGADAS;consorcios;Consórcios;Consórcios PJ;Carteira Bandeirantes;Digital;Pós-venda;Parcelado;2025-05-16;2025-05-01;84;84;53120;1
REG-013-2025-05;Negcios;8609;4;Sudeste;1253;Regional São Paulo;Regional São Paulo;1004;Avenida Paulista;1004;2266483;Bruno Moreira;8778390;Bruno Garcia;ligadas;LIGADAS;seguros;Seguros;Seguros PJ;Carteira Proteção;Agência física;Venda consultiva;À vista;2025-05-17;2025-05-01;84;84;64740;1
REG-014-2025-05;MEI;8888;5;Sul & Centro-Oeste;5577;Regional Curitiba;Regional Curitiba;1003;Curitiba Batel;1003;1098367;Paula Cristina;6766543;Carla Menezes;produtividade;PRODUTIVIDADE;sucesso_equipe_credito;Sucesso de Equipe Crédito;Equipe Crédito;Carteira Performance;APP Empresas;Pós-venda;À vista;2025-05-18;2025-05-01;84;84;74700;1
REG-015-2025-05;MEI;8888;5;Sul & Centro-Oeste;5577;Regional Curitiba;Regional Curitiba;1003;Curitiba Batel;1003;1098367;Paula Cristina;6766543;Carla Menezes;clientes;CLIENTES;conquista_qualif_pj;Conquista Qualificada Gerenciado PJ;Qualificação;Carteira Conquista;Agência física;Venda consultiva;À vista;2025-05-19;2025-05-01;151.2;806.4;50630;1
REG-016-2025-05;MEI;8888;5;Sul & Centro-Oeste;5577;Regional Curitiba;Regional Curitiba;1003;Curitiba Batel;1003;1098367;Paula Cristina;6766543;Carla Menezes;clientes;CLIENTES;conquista_folha;Conquista de Clientes Folha de Pagamento;Folha;Carteira Folha;Digital;Cross-sell;Parcelado;2025-05-20;2025-05-01;117.6;730.8;46480;1
REG-017-2025-05;MEI;8888;5;Sul & Centro-Oeste;5577;Regional Curitiba;Regional Curitiba;1003;Curitiba Batel;1003;1098367;Paula Cristina;6766543;Carla Menezes;clientes;CLIENTES;bradesco_expresso;Bradesco Expresso;Expresso;Carteira Expresso;Correspondente;Venda direta;À vista;2025-05-21;2025-05-01;84;84;43160;1
REG-001-2025-06;Negcios;8609;1;Norte & Nordeste;1234;Regional Fortaleza;Regional Fortaleza;1001;Fortaleza Centro;1001;1026752;Danilo Dourado;9937874;Ana Lima;captacao;CAPTAÇÃO;captacao_bruta;Captação Bruta;Aplicação;Carteira Atlas;Agência física;Venda consultiva;À vista;2025-06-05;2025-06-01;4224000;23672000;139600;1
REG-002-2025-06;Negcios;8609;1;Norte & Nordeste;1234;Regional Fortaleza;Regional Fortaleza;1001;Fortaleza Centro;1001;1026752;Danilo Dourado;9937874;Ana Lima;captacao;CAPTAÇÃO;captacao_liquida;Captação Líquida;Resgate;Carteira Delta;Digital;Cross-sell;À vista;2025-06-06;2025-06-01;2596000;17292000;104700;1
REG-003-2025-06;Negcios;8609;1;Norte & Nordeste;1234;Regional Fortaleza;Regional Fortaleza;1001;Fortaleza Centro;1001;1026752;Danilo Dourado;9937874;Ana Lima;captacao;CAPTAÇÃO;portab_prev;Portabilidade de Previdência Privada;Portabilidade;Carteira Portabilidade;Correspondente;Venda direta;Parcelado;2025-06-07;2025-06-01;924000;6072000;82888;1
REG-004-2025-06;Negcios;8609;1;Norte & Nordeste;1234;Regional Fortaleza;Regional Fortaleza;1001;Fortaleza Centro;1001;1026752;Danilo Dourado;9937874;Ana Lima;captacao;CAPTAÇÃO;centralizacao;Centralização de Caixa;Cash;Carteira Central;APP Empresas;Venda consultiva;À vista;2025-06-08;2025-06-01;2816000;20064000;122150;1
REG-005-2025-06;Empresas;8608;2;Norte & Nordeste;3345;Regional Recife;Regional Recife;1002;Recife Boa Vista;1002;9202947;Pedro Vinicius;7726536;Paulo Nunes;financeiro;FINANCEIRO;rec_vencidos_59;Recuperação de Vencidos até 59 dias;Carteira ativa;Carteira Recife;Agência física;Venda direta;À vista;2025-06-09;2025-06-01;598400;3801600;76780;1
REG-006-2025-06;Empresas;8608;2;Norte & Nordeste;3345;Regional Recife;Regional Recife;1002;Recife Boa Vista;1002;9202947;Pedro Vinicius;7726536;Paulo Nunes;financeiro;FINANCEIRO;rec_vencidos_50mais;Recuperação de Vencidos acima de 50 dias;Carteira judicial;Carteira Especial;Digital;Pós-venda;Parcelado;2025-06-10;2025-06-01;475200;3273600;66310;1
REG-007-2025-06;Empresas;8608;2;Norte & Nordeste;3345;Regional Recife;Regional Recife;1002;Recife Boa Vista;1002;9202947;Pedro Vinicius;7726536;Paulo Nunes;financeiro;FINANCEIRO;rec_credito;Recuperação de Crédito;Renegociação;Carteira Negócio;Agência física;Venda consultiva;À vista;2025-06-11;2025-06-01;1601600;10718400;115170;1
REG-008-2025-06;Empresas;8608;2;Sudeste;5675;Regional São Paulo;Regional São Paulo;1004;Avenida Paulista;1004;3166765;Juliane Negretti;3425342;Juliana Prado;credito;CRÉDITO;prod_credito_pj;Produção de Crédito PJ;Linha PJ;Carteira Empresas;Agência física;Venda consultiva;Parcelado;2025-06-12;2025-06-01;3872000;25872000;183225;1
REG-009-2025-06;Empresas;8608;2;Sudeste;5675;Regional São Paulo;Regional São Paulo;1004;Avenida Paulista;1004;3166765;Juliane Negretti;3425342;Juliana Prado;credito;CRÉDITO;rotativo_pj_vol;Limite Rotativo PJ (Volume);Volume;Carteira Rotativo Volume;Digital;Cross-sell;À vista;2025-06-13;2025-06-01;1144000;7893600;102955;1
REG-010-2025-06;Empresas;8608;2;Sudeste;5675;Regional São Paulo;Regional São Paulo;1004;Avenida Paulista;1004;3166765;Juliane Negretti;3425342;Juliana Prado;credito;CRÉDITO;rotativo_pj_qtd;Limite Rotativo PJ (Quantidade);Quantidade;Carteira Rotativo Qtd;Correspondente;Venda direta;Parcelado;2025-06-14;2025-06-01;281.6;1848;83760;1
REG-011-2025-06;Negcios;8609;4;Sudeste;1253;Regional São Paulo;Regional São Paulo;1004;Avenida Paulista;1004;2266483;Bruno Moreira;8778390;Bruno Garcia;ligadas;LIGADAS;cartoes;Cartões;Cartões PJ;Carteira Capital;Agência física;Venda consultiva;À vista;2025-06-15;2025-06-01;88;88;59330;1
REG-012-2025-06;Negcios;8609;4;Sudeste;1253;Regional São Paulo;Regional São Paulo;1004;Avenida Paulista;1004;2266483;Bruno Moreira;8778390;Bruno Garcia;ligadas;LIGADAS;consorcios;Consórcios;Consórcios PJ;Carteira Bandeirantes;Digital;Pós-venda;Parcelado;2025-06-16;2025-06-01;88;88;55840;1
REG-013-2025-06;Negcios;8609;4;Sudeste;1253;Regional São Paulo;Regional São Paulo;1004;Avenida Paulista;1004;2266483;Bruno Moreira;8778390;Bruno Garcia;ligadas;LIGADAS;seguros;Seguros;Seguros PJ;Carteira Proteção;Agência física;Venda consultiva;À vista;2025-06-17;2025-06-01;88;88;68055;1
REG-014-2025-06;MEI;8888;5;Sul & Centro-Oeste;5577;Regional Curitiba;Regional Curitiba;1003;Curitiba Batel;1003;1098367;Paula Cristina;6766543;Carla Menezes;produtividade;PRODUTIVIDADE;sucesso_equipe_credito;Sucesso de Equipe Crédito;Equipe Crédito;Carteira Performance;APP Empresas;Pós-venda;À vista;2025-06-18;2025-06-01;88;88;78525;1
REG-015-2025-06;MEI;8888;5;Sul & Centro-Oeste;5577;Regional Curitiba;Regional Curitiba;1003;Curitiba Batel;1003;1098367;Paula Cristina;6766543;Carla Menezes;clientes;CLIENTES;conquista_qualif_pj;Conquista Qualificada Gerenciado PJ;Qualificação;Carteira Conquista;Agência física;Venda consultiva;À vista;2025-06-19;2025-06-01;158.4;844.8;53222;1
REG-016-2025-06;MEI;8888;5;Sul & Centro-Oeste;5577;Regional Curitiba;Regional Curitiba;1003;Curitiba Batel;1003;1098367;Paula Cristina;6766543;Carla Menezes;clientes;CLIENTES;conquista_folha;Conquista de Clientes Folha de Pagamento;Folha;Carteira Folha;Digital;Cross-sell;Parcelado;2025-06-20;2025-06-01;123.2;765.6;48860;1
REG-017-2025-06;MEI;8888;5;Sul & Centro-Oeste;5577;Regional Curitiba;Regional Curitiba;1003;Curitiba Batel;1003;1098367;Paula Cristina;6766543;Carla Menezes;clientes;CLIENTES;bradesco_expresso;Bradesco Expresso;Expresso;Carteira Expresso;Correspondente;Venda direta;À vista;2025-06-21;2025-06-01;88;88;45370;1
REG-001-2025-07;Negcios;8609;1;Norte & Nordeste;1234;Regional Fortaleza;Regional Fortaleza;1001;Fortaleza Centro;1001;1026752;Danilo Dourado;9937874;Ana Lima;captacao;CAPTAÇÃO;captacao_bruta;Captação Bruta;Aplicação;Carteira Atlas;Agência física;Venda consultiva;À vista;2025-07-05;2025-07-01;4416000;24748000;146400;1
REG-002-2025-07;Negcios;8609;1;Norte & Nordeste;1234;Regional Fortaleza;Regional Fortaleza;1001;Fortaleza Centro;1001;1026752;Danilo Dourado;9937874;Ana Lima;captacao;CAPTAÇÃO;captacao_liquida;Captação Líquida;Resgate;Carteira Delta;Digital;Cross-sell;À vista;2025-07-06;2025-07-01;2714000;18078000;109800;1
REG-003-2025-07;Negcios;8609;1;Norte & Nordeste;1234;Regional Fortaleza;Regional Fortaleza;1001;Fortaleza Centro;1001;1026752;Danilo Dourado;9937874;Ana Lima;captacao;CAPTAÇÃO;portab_prev;Portabilidade de Previdência Privada;Portabilidade;Carteira Portabilidade;Correspondente;Venda direta;Parcelado;2025-07-07;2025-07-01;966000;6348000;86925;1
REG-004-2025-07;Negcios;8609;1;Norte & Nordeste;1234;Regional Fortaleza;Regional Fortaleza;1001;Fortaleza Centro;1001;1026752;Danilo Dourado;9937874;Ana Lima;captacao;CAPTAÇÃO;centralizacao;Centralização de Caixa;Cash;Carteira Central;APP Empresas;Venda consultiva;À vista;2025-07-08;2025-07-01;2944000;20976000;128100;1
REG-005-2025-07;Empresas;8608;2;Norte & Nordeste;3345;Regional Recife;Regional Recife;1002;Recife Boa Vista;1002;9202947;Pedro Vinicius;7726536;Paulo Nunes;financeiro;FINANCEIRO;rec_vencidos_59;Recuperação de Vencidos até 59 dias;Carteira ativa;Carteira Recife;Agência física;Venda direta;À vista;2025-07-09;2025-07-01;625600;3974400;80520;1
REG-006-2025-07;Empresas;8608;2;Norte & Nordeste;3345;Regional Recife;Regional Recife;1002;Recife Boa Vista;1002;9202947;Pedro Vinicius;7726536;Paulo Nunes;financeiro;FINANCEIRO;rec_vencidos_50mais;Recuperação de Vencidos acima de 50 dias;Carteira judicial;Carteira Especial;Digital;Pós-venda;Parcelado;2025-07-10;2025-07-01;496800;3422400;69540;1
REG-007-2025-07;Empresas;8608;2;Norte & Nordeste;3345;Regional Recife;Regional Recife;1002;Recife Boa Vista;1002;9202947;Pedro Vinicius;7726536;Paulo Nunes;financeiro;FINANCEIRO;rec_credito;Recuperação de Crédito;Renegociação;Carteira Negócio;Agência física;Venda consultiva;À vista;2025-07-11;2025-07-01;1674400;11205600;120780;1
REG-008-2025-07;Empresas;8608;2;Sudeste;5675;Regional São Paulo;Regional São Paulo;1004;Avenida Paulista;1004;3166765;Juliane Negretti;3425342;Juliana Prado;credito;CRÉDITO;prod_credito_pj;Produção de Crédito PJ;Linha PJ;Carteira Empresas;Agência física;Venda consultiva;Parcelado;2025-07-12;2025-07-01;4048000;27048000;192150;1
REG-009-2025-07;Empresas;8608;2;Sudeste;5675;Regional São Paulo;Regional São Paulo;1004;Avenida Paulista;1004;3166765;Juliane Negretti;3425342;Juliana Prado;credito;CRÉDITO;rotativo_pj_vol;Limite Rotativo PJ (Volume);Volume;Carteira Rotativo Volume;Digital;Cross-sell;À vista;2025-07-13;2025-07-01;1196000;8252400;107970;1
REG-010-2025-07;Empresas;8608;2;Sudeste;5675;Regional São Paulo;Regional São Paulo;1004;Avenida Paulista;1004;3166765;Juliane Negretti;3425342;Juliana Prado;credito;CRÉDITO;rotativo_pj_qtd;Limite Rotativo PJ (Quantidade);Quantidade;Carteira Rotativo Qtd;Correspondente;Venda direta;Parcelado;2025-07-14;2025-07-01;294.4;1932;87840;1
REG-011-2025-07;Negcios;8609;4;Sudeste;1253;Regional São Paulo;Regional São Paulo;1004;Avenida Paulista;1004;2266483;Bruno Moreira;8778390;Bruno Garcia;ligadas;LIGADAS;cartoes;Cartões;Cartões PJ;Carteira Capital;Agência física;Venda consultiva;À vista;2025-07-15;2025-07-01;92;92;62220;1
REG-012-2025-07;Negcios;8609;4;Sudeste;1253;Regional São Paulo;Regional São Paulo;1004;Avenida Paulista;1004;2266483;Bruno Moreira;8778390;Bruno Garcia;ligadas;LIGADAS;consorcios;Consórcios;Consórcios PJ;Carteira Bandeirantes;Digital;Pós-venda;Parcelado;2025-07-16;2025-07-01;92;92;58560;1
REG-013-2025-07;Negcios;8609;4;Sudeste;1253;Regional São Paulo;Regional São Paulo;1004;Avenida Paulista;1004;2266483;Bruno Moreira;8778390;Bruno Garcia;ligadas;LIGADAS;seguros;Seguros;Seguros PJ;Carteira Proteção;Agência física;Venda consultiva;À vista;2025-07-17;2025-07-01;92;92;71370;1
REG-018-2025-07;Negcios;8609;1;Norte & Nordeste;1234;Regional Fortaleza;Regional Fortaleza;1001;Fortaleza Centro;1001;1026752;Danilo Dourado;9937874;Ana Lima;ligadas;LIGADAS;cartoes;Cartões;Cartões PJ;Carteira Capital;Agência física;Venda consultiva;À vista;2025-07-22;2025-07-01;88;88;61200;1
REG-019-2025-07;Negcios;8609;1;Norte & Nordeste;1234;Regional Fortaleza;Regional Fortaleza;1001;Fortaleza Centro;1001;1026752;Danilo Dourado;9937874;Ana Lima;ligadas;LIGADAS;consorcios;Consórcios;Consórcios PJ;Carteira Bandeirantes;Digital;Pós-venda;Parcelado;2025-07-23;2025-07-01;88;88;57200;1
REG-020-2025-07;Negcios;8609;1;Norte & Nordeste;1234;Regional Fortaleza;Regional Fortaleza;1001;Fortaleza Centro;1001;1026752;Danilo Dourado;9937874;Ana Lima;ligadas;LIGADAS;seguros;Seguros;Seguros PJ;Carteira Proteção;Agência física;Venda consultiva;À vista;2025-07-24;2025-07-01;90;90;70200;1
REG-014-2025-07;MEI;8888;5;Sul & Centro-Oeste;5577;Regional Curitiba;Regional Curitiba;1003;Curitiba Batel;1003;1098367;Paula Cristina;6766543;Carla Menezes;produtividade;PRODUTIVIDADE;sucesso_equipe_credito;Sucesso de Equipe Crédito;Equipe Crédito;Carteira Performance;APP Empresas;Pós-venda;À vista;2025-07-18;2025-07-01;92;92;82350;1
REG-015-2025-07;MEI;8888;5;Sul & Centro-Oeste;5577;Regional Curitiba;Regional Curitiba;1003;Curitiba Batel;1003;1098367;Paula Cristina;6766543;Carla Menezes;clientes;CLIENTES;conquista_qualif_pj;Conquista Qualificada Gerenciado PJ;Qualificação;Carteira Conquista;Agência física;Venda consultiva;À vista;2025-07-19;2025-07-01;165.6;883.2;55815;1
REG-016-2025-07;MEI;8888;5;Sul & Centro-Oeste;5577;Regional Curitiba;Regional Curitiba;1003;Curitiba Batel;1003;1098367;Paula Cristina;6766543;Carla Menezes;clientes;CLIENTES;conquista_folha;Conquista de Clientes Folha de Pagamento;Folha;Carteira Folha;Digital;Cross-sell;Parcelado;2025-07-20;2025-07-01;128.8;800.4;51240;1
REG-017-2025-07;MEI;8888;5;Sul & Centro-Oeste;5577;Regional Curitiba;Regional Curitiba;1003;Curitiba Batel;1003;1098367;Paula Cristina;6766543;Carla Menezes;clientes;CLIENTES;bradesco_expresso;Bradesco Expresso;Expresso;Carteira Expresso;Correspondente;Venda direta;À vista;2025-07-21;2025-07-01;92;92;47580;1
REG-001-2025-08;Negcios;8609;1;Norte & Nordeste;1234;Regional Fortaleza;Regional Fortaleza;1001;Fortaleza Centro;1001;1026752;Danilo Dourado;9937874;Ana Lima;captacao;CAPTAÇÃO;captacao_bruta;Captação Bruta;Aplicação;Carteira Atlas;Agência física;Venda consultiva;À vista;2025-08-05;2025-08-01;4608000;25824000;153200;1
REG-002-2025-08;Negcios;8609;1;Norte & Nordeste;1234;Regional Fortaleza;Regional Fortaleza;1001;Fortaleza Centro;1001;1026752;Danilo Dourado;9937874;Ana Lima;captacao;CAPTAÇÃO;captacao_liquida;Captação Líquida;Resgate;Carteira Delta;Digital;Cross-sell;À vista;2025-08-06;2025-08-01;2832000;18864000;114900;1
REG-003-2025-08;Negcios;8609;1;Norte & Nordeste;1234;Regional Fortaleza;Regional Fortaleza;1001;Fortaleza Centro;1001;1026752;Danilo Dourado;9937874;Ana Lima;captacao;CAPTAÇÃO;portab_prev;Portabilidade de Previdência Privada;Portabilidade;Carteira Portabilidade;Correspondente;Venda direta;Parcelado;2025-08-07;2025-08-01;1008000;6624000;90962;1
REG-004-2025-08;Negcios;8609;1;Norte & Nordeste;1234;Regional Fortaleza;Regional Fortaleza;1001;Fortaleza Centro;1001;1026752;Danilo Dourado;9937874;Ana Lima;captacao;CAPTAÇÃO;centralizacao;Centralização de Caixa;Cash;Carteira Central;APP Empresas;Venda consultiva;À vista;2025-08-08;2025-08-01;3072000;21888000;134050;1
REG-005-2025-08;Empresas;8608;2;Norte & Nordeste;3345;Regional Recife;Regional Recife;1002;Recife Boa Vista;1002;9202947;Pedro Vinicius;7726536;Paulo Nunes;financeiro;FINANCEIRO;rec_vencidos_59;Recuperação de Vencidos até 59 dias;Carteira ativa;Carteira Recife;Agência física;Venda direta;À vista;2025-08-09;2025-08-01;652800;4147200;84260;1
REG-006-2025-08;Empresas;8608;2;Norte & Nordeste;3345;Regional Recife;Regional Recife;1002;Recife Boa Vista;1002;9202947;Pedro Vinicius;7726536;Paulo Nunes;financeiro;FINANCEIRO;rec_vencidos_50mais;Recuperação de Vencidos acima de 50 dias;Carteira judicial;Carteira Especial;Digital;Pós-venda;Parcelado;2025-08-10;2025-08-01;518400;3571200;72770;1
REG-007-2025-08;Empresas;8608;2;Norte & Nordeste;3345;Regional Recife;Regional Recife;1002;Recife Boa Vista;1002;9202947;Pedro Vinicius;7726536;Paulo Nunes;financeiro;FINANCEIRO;rec_credito;Recuperação de Crédito;Renegociação;Carteira Negócio;Agência física;Venda consultiva;À vista;2025-08-11;2025-08-01;1747200;11692800;126390;1
REG-008-2025-08;Empresas;8608;2;Sudeste;5675;Regional São Paulo;Regional São Paulo;1004;Avenida Paulista;1004;3166765;Juliane Negretti;3425342;Juliana Prado;credito;CRÉDITO;prod_credito_pj;Produção de Crédito PJ;Linha PJ;Carteira Empresas;Agência física;Venda consultiva;Parcelado;2025-08-12;2025-08-01;4224000;28224000;201075;1
REG-009-2025-08;Empresas;8608;2;Sudeste;5675;Regional São Paulo;Regional São Paulo;1004;Avenida Paulista;1004;3166765;Juliane Negretti;3425342;Juliana Prado;credito;CRÉDITO;rotativo_pj_vol;Limite Rotativo PJ (Volume);Volume;Carteira Rotativo Volume;Digital;Cross-sell;À vista;2025-08-13;2025-08-01;1248000;8611200;112985;1
REG-010-2025-08;Empresas;8608;2;Sudeste;5675;Regional São Paulo;Regional São Paulo;1004;Avenida Paulista;1004;3166765;Juliane Negretti;3425342;Juliana Prado;credito;CRÉDITO;rotativo_pj_qtd;Limite Rotativo PJ (Quantidade);Quantidade;Carteira Rotativo Qtd;Correspondente;Venda direta;Parcelado;2025-08-14;2025-08-01;307.2;2016;91920;1
REG-011-2025-08;Negcios;8609;4;Sudeste;1253;Regional São Paulo;Regional São Paulo;1004;Avenida Paulista;1004;2266483;Bruno Moreira;8778390;Bruno Garcia;ligadas;LIGADAS;cartoes;Cartões;Cartões PJ;Carteira Capital;Agência física;Venda consultiva;À vista;2025-08-15;2025-08-01;96;96;65110;1
REG-012-2025-08;Negcios;8609;4;Sudeste;1253;Regional São Paulo;Regional São Paulo;1004;Avenida Paulista;1004;2266483;Bruno Moreira;8778390;Bruno Garcia;ligadas;LIGADAS;consorcios;Consórcios;Consórcios PJ;Carteira Bandeirantes;Digital;Pós-venda;Parcelado;2025-08-16;2025-08-01;96;96;61280;1
REG-013-2025-08;Negcios;8609;4;Sudeste;1253;Regional São Paulo;Regional São Paulo;1004;Avenida Paulista;1004;2266483;Bruno Moreira;8778390;Bruno Garcia;ligadas;LIGADAS;seguros;Seguros;Seguros PJ;Carteira Proteção;Agência física;Venda consultiva;À vista;2025-08-17;2025-08-01;96;96;74685;1
REG-018-2025-08;Negcios;8609;1;Norte & Nordeste;1234;Regional Fortaleza;Regional Fortaleza;1001;Fortaleza Centro;1001;1026752;Danilo Dourado;9937874;Ana Lima;ligadas;LIGADAS;cartoes;Cartões;Cartões PJ;Carteira Capital;Agência física;Venda consultiva;À vista;2025-08-22;2025-08-01;92;92;64000;1
REG-019-2025-08;Negcios;8609;1;Norte & Nordeste;1234;Regional Fortaleza;Regional Fortaleza;1001;Fortaleza Centro;1001;1026752;Danilo Dourado;9937874;Ana Lima;ligadas;LIGADAS;consorcios;Consórcios;Consórcios PJ;Carteira Bandeirantes;Digital;Pós-venda;Parcelado;2025-08-23;2025-08-01;94;94;59000;1
REG-020-2025-08;Negcios;8609;1;Norte & Nordeste;1234;Regional Fortaleza;Regional Fortaleza;1001;Fortaleza Centro;1001;1026752;Danilo Dourado;9937874;Ana Lima;ligadas;LIGADAS;seguros;Seguros;Seguros PJ;Carteira Proteção;Agência física;Venda consultiva;À vista;2025-08-24;2025-08-01;95;95;73200;1
REG-014-2025-08;MEI;8888;5;Sul & Centro-Oeste;5577;Regional Curitiba;Regional Curitiba;1003;Curitiba Batel;1003;1098367;Paula Cristina;6766543;Carla Menezes;produtividade;PRODUTIVIDADE;sucesso_equipe_credito;Sucesso de Equipe Crédito;Equipe Crédito;Carteira Performance;APP Empresas;Pós-venda;À vista;2025-08-18;2025-08-01;96;96;86175;1
REG-015-2025-08;MEI;8888;5;Sul & Centro-Oeste;5577;Regional Curitiba;Regional Curitiba;1003;Curitiba Batel;1003;1098367;Paula Cristina;6766543;Carla Menezes;clientes;CLIENTES;conquista_qualif_pj;Conquista Qualificada Gerenciado PJ;Qualificação;Carteira Conquista;Agência física;Venda consultiva;À vista;2025-08-19;2025-08-01;172.8;921.6;58408;1
REG-016-2025-08;MEI;8888;5;Sul & Centro-Oeste;5577;Regional Curitiba;Regional Curitiba;1003;Curitiba Batel;1003;1098367;Paula Cristina;6766543;Carla Menezes;clientes;CLIENTES;conquista_folha;Conquista de Clientes Folha de Pagamento;Folha;Carteira Folha;Digital;Cross-sell;Parcelado;2025-08-20;2025-08-01;134.4;835.2;53620;1
REG-017-2025-08;MEI;8888;5;Sul & Centro-Oeste;5577;Regional Curitiba;Regional Curitiba;1003;Curitiba Batel;1003;1098367;Paula Cristina;6766543;Carla Menezes;clientes;CLIENTES;bradesco_expresso;Bradesco Expresso;Expresso;Carteira Expresso;Correspondente;Venda direta;À vista;2025-08-21;2025-08-01;96;96;49790;1
REG-001-2025-09;Negcios;8609;1;Norte & Nordeste;1234;Regional Fortaleza;Regional Fortaleza;1001;Fortaleza Centro;1001;1026752;Danilo Dourado;9937874;Ana Lima;captacao;CAPTAÇÃO;captacao_bruta;Captação Bruta;Aplicação;Carteira Atlas;Agência física;Venda consultiva;À vista;2025-09-05;2025-09-01;4800000;26900000;160000;1
REG-002-2025-09;Negcios;8609;1;Norte & Nordeste;1234;Regional Fortaleza;Regional Fortaleza;1001;Fortaleza Centro;1001;1026752;Danilo Dourado;9937874;Ana Lima;captacao;CAPTAÇÃO;captacao_liquida;Captação Líquida;Resgate;Carteira Delta;Digital;Cross-sell;À vista;2025-09-06;2025-09-01;2950000;19650000;120000;1
REG-003-2025-09;Negcios;8609;1;Norte & Nordeste;1234;Regional Fortaleza;Regional Fortaleza;1001;Fortaleza Centro;1001;1026752;Danilo Dourado;9937874;Ana Lima;captacao;CAPTAÇÃO;portab_prev;Portabilidade de Previdência Privada;Portabilidade;Carteira Portabilidade;Correspondente;Venda direta;Parcelado;2025-09-07;2025-09-01;1050000;6900000;95000;1
REG-004-2025-09;Negcios;8609;1;Norte & Nordeste;1234;Regional Fortaleza;Regional Fortaleza;1001;Fortaleza Centro;1001;1026752;Danilo Dourado;9937874;Ana Lima;captacao;CAPTAÇÃO;centralizacao;Centralização de Caixa;Cash;Carteira Central;APP Empresas;Venda consultiva;À vista;2025-09-08;2025-09-01;3200000;22800000;140000;1
REG-005-2025-09;Empresas;8608;2;Norte & Nordeste;3345;Regional Recife;Regional Recife;1002;Recife Boa Vista;1002;9202947;Pedro Vinicius;7726536;Paulo Nunes;financeiro;FINANCEIRO;rec_vencidos_59;Recuperação de Vencidos até 59 dias;Carteira ativa;Carteira Recife;Agência física;Venda direta;À vista;2025-09-09;2025-09-01;680000;4320000;88000;1
REG-006-2025-09;Empresas;8608;2;Norte & Nordeste;3345;Regional Recife;Regional Recife;1002;Recife Boa Vista;1002;9202947;Pedro Vinicius;7726536;Paulo Nunes;financeiro;FINANCEIRO;rec_vencidos_50mais;Recuperação de Vencidos acima de 50 dias;Carteira judicial;Carteira Especial;Digital;Pós-venda;Parcelado;2025-09-10;2025-09-01;540000;3720000;76000;1
REG-007-2025-09;Empresas;8608;2;Norte & Nordeste;3345;Regional Recife;Regional Recife;1002;Recife Boa Vista;1002;9202947;Pedro Vinicius;7726536;Paulo Nunes;financeiro;FINANCEIRO;rec_credito;Recuperação de Crédito;Renegociação;Carteira Negócio;Agência física;Venda consultiva;À vista;2025-09-11;2025-09-01;1820000;12180000;132000;1
REG-008-2025-09;Empresas;8608;2;Sudeste;5675;Regional São Paulo;Regional São Paulo;1004;Avenida Paulista;1004;3166765;Juliane Negretti;3425342;Juliana Prado;credito;CRÉDITO;prod_credito_pj;Produção de Crédito PJ;Linha PJ;Carteira Empresas;Agência física;Venda consultiva;Parcelado;2025-09-12;2025-09-01;4400000;29400000;210000;1
REG-009-2025-09;Empresas;8608;2;Sudeste;5675;Regional São Paulo;Regional São Paulo;1004;Avenida Paulista;1004;3166765;Juliane Negretti;3425342;Juliana Prado;credito;CRÉDITO;rotativo_pj_vol;Limite Rotativo PJ (Volume);Volume;Carteira Rotativo Volume;Digital;Cross-sell;À vista;2025-09-13;2025-09-01;1300000;8970000;118000;1
REG-010-2025-09;Empresas;8608;2;Sudeste;5675;Regional São Paulo;Regional São Paulo;1004;Avenida Paulista;1004;3166765;Juliane Negretti;3425342;Juliana Prado;credito;CRÉDITO;rotativo_pj_qtd;Limite Rotativo PJ (Quantidade);Quantidade;Carteira Rotativo Qtd;Correspondente;Venda direta;Parcelado;2025-09-14;2025-09-01;320;2100;96000;1
REG-011-2025-09;Negcios;8609;4;Sudeste;1253;Regional São Paulo;Regional São Paulo;1004;Avenida Paulista;1004;2266483;Bruno Moreira;8778390;Bruno Garcia;ligadas;LIGADAS;cartoes;Cartões;Cartões PJ;Carteira Capital;Agência física;Venda consultiva;À vista;2025-09-15;2025-09-01;100;100;68000;1
REG-012-2025-09;Negcios;8609;4;Sudeste;1253;Regional São Paulo;Regional São Paulo;1004;Avenida Paulista;1004;2266483;Bruno Moreira;8778390;Bruno Garcia;ligadas;LIGADAS;consorcios;Consórcios;Consórcios PJ;Carteira Bandeirantes;Digital;Pós-venda;Parcelado;2025-09-16;2025-09-01;100;100;64000;1
REG-013-2025-09;Negcios;8609;4;Sudeste;1253;Regional São Paulo;Regional São Paulo;1004;Avenida Paulista;1004;2266483;Bruno Moreira;8778390;Bruno Garcia;ligadas;LIGADAS;seguros;Seguros;Seguros PJ;Carteira Proteção;Agência física;Venda consultiva;À vista;2025-09-17;2025-09-01;100;100;78000;1
REG-018-2025-09;Negcios;8609;1;Norte & Nordeste;1234;Regional Fortaleza;Regional Fortaleza;1001;Fortaleza Centro;1001;1026752;Danilo Dourado;9937874;Ana Lima;ligadas;LIGADAS;cartoes;Cartões;Cartões PJ;Carteira Capital;Agência física;Venda consultiva;À vista;2025-09-22;2025-09-01;97;97;66800;1
REG-019-2025-09;Negcios;8609;1;Norte & Nordeste;1234;Regional Fortaleza;Regional Fortaleza;1001;Fortaleza Centro;1001;1026752;Danilo Dourado;9937874;Ana Lima;ligadas;LIGADAS;consorcios;Consórcios;Consórcios PJ;Carteira Bandeirantes;Digital;Pós-venda;Parcelado;2025-09-23;2025-09-01;105;105;62000;1
REG-020-2025-09;Negcios;8609;1;Norte & Nordeste;1234;Regional Fortaleza;Regional Fortaleza;1001;Fortaleza Centro;1001;1026752;Danilo Dourado;9937874;Ana Lima;ligadas;LIGADAS;seguros;Seguros;Seguros PJ;Carteira Proteção;Agência física;Venda consultiva;À vista;2025-09-24;2025-09-01;104;104;76000;1
REG-014-2025-09;MEI;8888;5;Sul & Centro-Oeste;5577;Regional Curitiba;Regional Curitiba;1003;Curitiba Batel;1003;1098367;Paula Cristina;6766543;Carla Menezes;produtividade;PRODUTIVIDADE;sucesso_equipe_credito;Sucesso de Equipe Crédito;Equipe Crédito;Carteira Performance;APP Empresas;Pós-venda;À vista;2025-09-18;2025-09-01;100;100;90000;1
REG-015-2025-09;MEI;8888;5;Sul & Centro-Oeste;5577;Regional Curitiba;Regional Curitiba;1003;Curitiba Batel;1003;1098367;Paula Cristina;6766543;Carla Menezes;clientes;CLIENTES;conquista_qualif_pj;Conquista Qualificada Gerenciado PJ;Qualificação;Carteira Conquista;Agência física;Venda consultiva;À vista;2025-09-19;2025-09-01;180;960;61000;1
REG-016-2025-09;MEI;8888;5;Sul & Centro-Oeste;5577;Regional Curitiba;Regional Curitiba;1003;Curitiba Batel;1003;1098367;Paula Cristina;6766543;Carla Menezes;clientes;CLIENTES;conquista_folha;Conquista de Clientes Folha de Pagamento;Folha;Carteira Folha;Digital;Cross-sell;Parcelado;2025-09-20;2025-09-01;140;870;56000;1
REG-017-2025-09;MEI;8888;5;Sul & Centro-Oeste;5577;Regional Curitiba;Regional Curitiba;1003;Curitiba Batel;1003;1098367;Paula Cristina;6766543;Carla Menezes;clientes;CLIENTES;bradesco_expresso;Bradesco Expresso;Expresso;Carteira Expresso;Correspondente;Venda direta;À vista;2025-09-21;2025-09-01;100;100;52000;1
SAL-001-2025-01;Negcios;8609;1;Norte & Nordeste;2234;Regional Salvador;Regional Salvador;1010;Salvador Comércio;1010;1200456;Marcos Vieira;9988776;Helena Costa;captacao;CAPTAÇÃO;captacao_bruta;Captação Bruta;Aplicação;Carteira Salvador;Agência física;Venda consultiva;À vista;2025-01-06;2025-01-01;2850000;15675000;94050;1
SAL-002-2025-02;Negcios;8609;1;Norte & Nordeste;2234;Regional Salvador;Regional Salvador;1010;Salvador Comércio;1010;1200456;Marcos Vieira;9988776;Helena Costa;captacao;CAPTAÇÃO;captacao_bruta;Captação Bruta;Aplicação;Carteira Salvador;Agência física;Venda consultiva;À vista;2025-02-06;2025-02-01;2980000;16688000;98340;1
SAL-003-2025-03;Negcios;8609;1;Norte & Nordeste;2234;Regional Salvador;Regional Salvador;1010;Salvador Comércio;1010;1200456;Marcos Vieira;9988776;Helena Costa;captacao;CAPTAÇÃO;captacao_bruta;Captação Bruta;Aplicação;Carteira Salvador;Agência física;Venda consultiva;À vista;2025-03-06;2025-03-01;3125000;17812500;103125;1
SAL-004-2025-01;Negcios;8609;1;Norte & Nordeste;2234;Regional Salvador;Regional Salvador;1010;Salvador Comércio;1010;1200456;Marcos Vieira;9988776;Helena Costa;captacao;CAPTAÇÃO;centralizacao;Centralização de Caixa;Cash;Carteira Salvador Caixa;APP Empresas;Venda consultiva;À vista;2025-01-06;2025-01-01;1820000;10010000;50960;1
SAL-005-2025-02;Negcios;8609;1;Norte & Nordeste;2234;Regional Salvador;Regional Salvador;1010;Salvador Comércio;1010;1200456;Marcos Vieira;9988776;Helena Costa;captacao;CAPTAÇÃO;centralizacao;Centralização de Caixa;Cash;Carteira Salvador Caixa;APP Empresas;Venda consultiva;À vista;2025-02-06;2025-02-01;1910000;10696000;53480;1
SAL-006-2025-03;Negcios;8609;1;Norte & Nordeste;2234;Regional Salvador;Regional Salvador;1010;Salvador Comércio;1010;1200456;Marcos Vieira;9988776;Helena Costa;captacao;CAPTAÇÃO;centralizacao;Centralização de Caixa;Cash;Carteira Salvador Caixa;APP Empresas;Venda consultiva;À vista;2025-03-06;2025-03-01;2050000;11685000;57400;1
SAL-007-2025-01;Negcios;8609;1;Norte & Nordeste;2234;Regional Salvador;Regional Salvador;1010;Salvador Comércio;1010;1200456;Marcos Vieira;9988776;Helena Costa;ligadas;LIGADAS;cartoes;Cartões;Cartões PJ;Carteira Salvador PJ;Agência física;Venda consultiva;À vista;2025-01-06;2025-01-01;82;451;52480;1
SAL-008-2025-02;Negcios;8609;1;Norte & Nordeste;2234;Regional Salvador;Regional Salvador;1010;Salvador Comércio;1010;1200456;Marcos Vieira;9988776;Helena Costa;ligadas;LIGADAS;cartoes;Cartões;Cartões PJ;Carteira Salvador PJ;Agência física;Venda consultiva;À vista;2025-02-06;2025-02-01;86;481.6;55040;1
SAL-009-2025-03;Negcios;8609;1;Norte & Nordeste;2234;Regional Salvador;Regional Salvador;1010;Salvador Comércio;1010;1200456;Marcos Vieira;9988776;Helena Costa;ligadas;LIGADAS;cartoes;Cartões;Cartões PJ;Carteira Salvador PJ;Agência física;Venda consultiva;À vista;2025-03-06;2025-03-01;91;518.7;58240;1
BH-001-2025-01;Empresas;8608;2;Sudeste;5681;Regional Belo Horizonte;Regional Belo Horizonte;1005;Belo Horizonte Centro;1005;4152678;Luciana Faria;8899776;Rafael Souza;credito;CRÉDITO;prod_credito_pj;Produção de Crédito PJ;Linha PJ;Carteira Minas Crédito;Agência física;Venda consultiva;Parcelado;2025-01-06;2025-01-01;2100000;11550000;96600;1
BH-002-2025-02;Empresas;8608;2;Sudeste;5681;Regional Belo Horizonte;Regional Belo Horizonte;1005;Belo Horizonte Centro;1005;4152678;Luciana Faria;8899776;Rafael Souza;credito;CRÉDITO;prod_credito_pj;Produção de Crédito PJ;Linha PJ;Carteira Minas Crédito;Agência física;Venda consultiva;Parcelado;2025-02-06;2025-02-01;2210000;12376000;101660;1
BH-003-2025-03;Empresas;8608;2;Sudeste;5681;Regional Belo Horizonte;Regional Belo Horizonte;1005;Belo Horizonte Centro;1005;4152678;Luciana Faria;8899776;Rafael Souza;credito;CRÉDITO;prod_credito_pj;Produção de Crédito PJ;Linha PJ;Carteira Minas Crédito;Agência física;Venda consultiva;Parcelado;2025-03-06;2025-03-01;2360000;13452000;108560;1
BH-004-2025-01;Empresas;8608;2;Sudeste;5681;Regional Belo Horizonte;Regional Belo Horizonte;1005;Belo Horizonte Centro;1005;4152678;Luciana Faria;8899776;Rafael Souza;financeiro;FINANCEIRO;rec_credito;Recuperação de Crédito;Renegociação;Carteira Minas Recuperação;Agência física;Pós-venda;À vista;2025-01-06;2025-01-01;890000;4895000;36490;1
BH-005-2025-02;Empresas;8608;2;Sudeste;5681;Regional Belo Horizonte;Regional Belo Horizonte;1005;Belo Horizonte Centro;1005;4152678;Luciana Faria;8899776;Rafael Souza;financeiro;FINANCEIRO;rec_credito;Recuperação de Crédito;Renegociação;Carteira Minas Recuperação;Agência física;Pós-venda;À vista;2025-02-06;2025-02-01;940000;5264000;38540;1
BH-006-2025-03;Empresas;8608;2;Sudeste;5681;Regional Belo Horizonte;Regional Belo Horizonte;1005;Belo Horizonte Centro;1005;4152678;Luciana Faria;8899776;Rafael Souza;financeiro;FINANCEIRO;rec_credito;Recuperação de Crédito;Renegociação;Carteira Minas Recuperação;Agência física;Pós-venda;À vista;2025-03-06;2025-03-01;1010000;5757000;41410;1
BH-007-2025-01;Empresas;8608;2;Sudeste;5681;Regional Belo Horizonte;Regional Belo Horizonte;1005;Belo Horizonte Centro;1005;4152678;Luciana Faria;8899776;Rafael Souza;credito;CRÉDITO;rotativo_pj_vol;Limite Rotativo PJ (Volume);Volume;Carteira Minas Rotativo;Digital;Cross-sell;À vista;2025-01-06;2025-01-01;580000;3190000;20300;1
BH-008-2025-02;Empresas;8608;2;Sudeste;5681;Regional Belo Horizonte;Regional Belo Horizonte;1005;Belo Horizonte Centro;1005;4152678;Luciana Faria;8899776;Rafael Souza;credito;CRÉDITO;rotativo_pj_vol;Limite Rotativo PJ (Volume);Volume;Carteira Minas Rotativo;Digital;Cross-sell;À vista;2025-02-06;2025-02-01;640000;3584000;22400;1
BH-009-2025-03;Empresas;8608;2;Sudeste;5681;Regional Belo Horizonte;Regional Belo Horizonte;1005;Belo Horizonte Centro;1005;4152678;Luciana Faria;8899776;Rafael Souza;credito;CRÉDITO;rotativo_pj_vol;Limite Rotativo PJ (Volume);Volume;Carteira Minas Rotativo;Digital;Cross-sell;À vista;2025-03-06;2025-03-01;720000;4104000;25200;1
POA-001-2025-01;MEI;8888;5;Sul & Centro-Oeste;5588;Regional Porto Alegre;Regional Porto Alegre;1006;Porto Alegre Centro;1006;2088441;Renato Alves;6677889;Fernanda Dias;clientes;CLIENTES;conquista_qualif_pj;Conquista Qualificada Gerenciado PJ;Qualificação;Carteira Sul Qualificação;Agência física;Venda consultiva;À vista;2025-01-06;2025-01-01;118;649;46020;1
POA-002-2025-02;MEI;8888;5;Sul & Centro-Oeste;5588;Regional Porto Alegre;Regional Porto Alegre;1006;Porto Alegre Centro;1006;2088441;Renato Alves;6677889;Fernanda Dias;clientes;CLIENTES;conquista_qualif_pj;Conquista Qualificada Gerenciado PJ;Qualificação;Carteira Sul Qualificação;Agência física;Venda consultiva;À vista;2025-02-06;2025-02-01;124;694.4;48360;1
POA-003-2025-03;MEI;8888;5;Sul & Centro-Oeste;5588;Regional Porto Alegre;Regional Porto Alegre;1006;Porto Alegre Centro;1006;2088441;Renato Alves;6677889;Fernanda Dias;clientes;CLIENTES;conquista_qualif_pj;Conquista Qualificada Gerenciado PJ;Qualificação;Carteira Sul Qualificação;Agência física;Venda consultiva;À vista;2025-03-06;2025-03-01;130;741;50700;1
POA-004-2025-01;MEI;8888;5;Sul & Centro-Oeste;5588;Regional Porto Alegre;Regional Porto Alegre;1006;Porto Alegre Centro;1006;2088441;Renato Alves;6677889;Fernanda Dias;clientes;CLIENTES;conquista_folha;Conquista de Clientes Folha de Pagamento;Folha;Carteira Sul Folha;Digital;Cross-sell;Parcelado;2025-01-06;2025-01-01;105;577.5;37800;1
POA-005-2025-02;MEI;8888;5;Sul & Centro-Oeste;5588;Regional Porto Alegre;Regional Porto Alegre;1006;Porto Alegre Centro;1006;2088441;Renato Alves;6677889;Fernanda Dias;clientes;CLIENTES;conquista_folha;Conquista de Clientes Folha de Pagamento;Folha;Carteira Sul Folha;Digital;Cross-sell;Parcelado;2025-02-06;2025-02-01;110;616;39600;1
POA-006-2025-03;MEI;8888;5;Sul & Centro-Oeste;5588;Regional Porto Alegre;Regional Porto Alegre;1006;Porto Alegre Centro;1006;2088441;Renato Alves;6677889;Fernanda Dias;clientes;CLIENTES;conquista_folha;Conquista de Clientes Folha de Pagamento;Folha;Carteira Sul Folha;Digital;Cross-sell;Parcelado;2025-03-06;2025-03-01;116;661.2;41760;1
POA-007-2025-01;MEI;8888;5;Sul & Centro-Oeste;5588;Regional Porto Alegre;Regional Porto Alegre;1006;Porto Alegre Centro;1006;2088441;Renato Alves;6677889;Fernanda Dias;clientes;CLIENTES;bradesco_expresso;Bradesco Expresso;Expresso;Carteira Sul Expresso;Correspondente;Venda direta;À vista;2025-01-06;2025-01-01;90;495;30600;1
POA-008-2025-02;MEI;8888;5;Sul & Centro-Oeste;5588;Regional Porto Alegre;Regional Porto Alegre;1006;Porto Alegre Centro;1006;2088441;Renato Alves;6677889;Fernanda Dias;clientes;CLIENTES;bradesco_expresso;Bradesco Expresso;Expresso;Carteira Sul Expresso;Correspondente;Venda direta;À vista;2025-02-06;2025-02-01;94;526.4;31960;1
POA-009-2025-03;MEI;8888;5;Sul & Centro-Oeste;5588;Regional Porto Alegre;Regional Porto Alegre;1006;Porto Alegre Centro;1006;2088441;Renato Alves;6677889;Fernanda Dias;clientes;CLIENTES;bradesco_expresso;Bradesco Expresso;Expresso;Carteira Sul Expresso;Correspondente;Venda direta;À vista;2025-03-06;2025-03-01;99;564.3;33660;1
MAN-META-001-2025-09;Negócios;8609;1;Norte & Nordeste;4455;Regional Manaus;Regional Manaus;2001;Manaus Centro;2001;7755123;Marina Albuquerque;6677881;Lara Costa;captacao;CAPTAÇÃO;captacao_bruta;Captação Bruta;Aplicação;Carteira Amazônia;Agência física;Venda consultiva;À vista;2025-09-12;2025-09-01;1300000;9100000;86000;1
MAN-META-002-2025-09;Negócios;8609;1;Norte & Nordeste;4455;Regional Manaus;Regional Manaus;2001;Manaus Centro;2001;7755123;Marina Albuquerque;6677881;Lara Costa;credito;CRÉDITO;prod_credito_pj;Produção de Crédito PJ;Linha PJ;Carteira Amazônia Crédito;Agência física;Venda consultiva;Parcelado;2025-09-14;2025-09-01;1950000;13200000;150000;1
MAN-META-003-2025-09;Negócios;8609;1;Norte & Nordeste;4455;Regional Manaus;Regional Manaus;2001;Manaus Centro;2001;7755123;Marina Albuquerque;6677881;Lara Costa;financeiro;FINANCEIRO;rec_credito;Recuperação de Crédito;Renegociação;Carteira Amazônia Recuperação;Agência física;Pós-venda;À vista;2025-09-10;2025-09-01;1070000;7560000;82000;1
FLO-META-001-2025-09;Empresas;8608;5;Sul & Centro-Oeste;7790;Regional Florianópolis;Regional Florianópolis;2002;Florianópolis Beira-Mar;2002;7999123;Rodrigo Azevedo;6888455;Sofia Martins;captacao;CAPTAÇÃO;captacao_liquida;Captação Líquida;Resgate;Carteira Atlântica;Digital;Cross-sell;À vista;2025-09-13;2025-09-01;1180000;8450000;72000;1
FLO-META-002-2025-09;Empresas;8608;5;Sul & Centro-Oeste;7790;Regional Florianópolis;Regional Florianópolis;2002;Florianópolis Beira-Mar;2002;7999123;Rodrigo Azevedo;6888455;Sofia Martins;credito;CRÉDITO;rotativo_pj_vol;Limite Rotativo PJ (Volume);Volume;Carteira Litoral;Digital;Cross-sell;À vista;2025-09-16;2025-09-01;1070000;7980000;112000;1
FLO-META-003-2025-09;Empresas;8608;5;Sul & Centro-Oeste;7790;Regional Florianópolis;Regional Florianópolis;2002;Florianópolis Beira-Mar;2002;7999123;Rodrigo Azevedo;6888455;Sofia Martins;ligadas;LIGADAS;seguros;Seguros;Seguros PJ;Carteira Litoral Proteção;Agência física;Venda consultiva;À vista;2025-09-18;2025-09-01;108;101;73000;1
GOI-META-001-2025-09;MEI;8888;5;Sul & Centro-Oeste;5599;Regional Goiânia;Regional Goiânia;2003;Goiânia Setor Bueno;2003;7456123;Helena Duarte;6554433;Tiago Andrade;clientes;CLIENTES;bradesco_expresso;Bradesco Expresso;Expresso;Carteira Centro-Oeste Expresso;Correspondente;Venda direta;À vista;2025-09-15;2025-09-01;104;98;53000;1
GOI-META-002-2025-09;MEI;8888;5;Sul & Centro-Oeste;5599;Regional Goiânia;Regional Goiânia;2003;Goiânia Setor Bueno;2003;7456123;Helena Duarte;6554433;Tiago Andrade;produtividade;PRODUTIVIDADE;sucesso_equipe_credito;Sucesso de Equipe Crédito;Equipe Crédito;Carteira Centro-Oeste Performance;APP Empresas;Pós-venda;À vista;2025-09-17;2025-09-01;101;95;64000;1
GOI-META-003-2025-09;MEI;8888;5;Sul & Centro-Oeste;5599;Regional Goiânia;Regional Goiânia;2003;Goiânia Setor Bueno;2003;7456123;Helena Duarte;6554433;Tiago Andrade;financeiro;FINANCEIRO;rec_vencidos_59;Recuperação de Vencidos até 59 dias;Carteira relacionamento;Carteira Centro-Oeste;Agência física;Venda direta;À vista;2025-09-11;2025-09-01;360000;2450000;48000;1
CAM-META-001-2025-09;Negócios;8609;2;Sudeste;7833;Regional Campinas;Regional Campinas;2004;Agência 2004 • Campinas Tech;2004;7332211;Patrícia Sampaio;6443322;Eduardo Freitas;captacao;CAPTAÇÃO;centralizacao;Centralização de Caixa;Cash;Carteira Inovação;APP Empresas;Venda consultiva;À vista;2025-09-09;2025-09-01;2220000;15500000;136000;1
CAM-META-002-2025-09;Negócios;8609;2;Sudeste;7833;Regional Campinas;Regional Campinas;2004;Agência 2004 • Campinas Tech;2004;7332211;Patrícia Sampaio;6443322;Eduardo Freitas;credito;CRÉDITO;rotativo_pj_qtd;Limite Rotativo PJ (Quantidade);Quantidade;Carteira Tecnologia;Correspondente;Venda direta;Parcelado;2025-09-19;2025-09-01;312;1980;102000;1
CAM-META-003-2025-09;Negócios;8609;2;Sudeste;7833;Regional Campinas;Regional Campinas;2004;Agência 2004 • Campinas Tech;2004;7332211;Patrícia Sampaio;6443322;Eduardo Freitas;ligadas;LIGADAS;consorcios;Consórcios;Consórcios PJ;Carteira Campinas Consórcios;Agência física;Venda consultiva;Parcelado;2025-09-22;2025-09-01;94;88;67000;1
MAN-001-2025-09;Negócios;8609;1;Norte & Nordeste;4455;Regional Manaus;Regional Manaus;2001;Manaus Centro;2001;7755123;Marina Albuquerque;6677881;Lara Costa;captacao;CAPTAÇÃO;captacao_bruta;Captação Bruta;Aplicação;Carteira Amazônia;Agência física;Venda consultiva;À vista;2025-09-12;2025-09-01;1326800;9366000;88560;1
MAN-002-2025-09;Negócios;8609;1;Norte & Nordeste;4455;Regional Manaus;Regional Manaus;2001;Manaus Centro;2001;7755123;Marina Albuquerque;6677881;Lara Costa;credito;CRÉDITO;prod_credito_pj;Produção de Crédito PJ;Linha PJ;Carteira Amazônia Crédito;Agência física;Venda consultiva;Parcelado;2025-09-14;2025-09-01;2011600;13072500;153360;1
MAN-003-2025-09;Negócios;8609;1;Norte & Nordeste;4455;Regional Manaus;Regional Manaus;2001;Manaus Centro;2001;7755123;Marina Albuquerque;6677881;Lara Costa;financeiro;FINANCEIRO;rec_credito;Recuperação de Crédito;Renegociação;Carteira Amazônia Recuperação;Agência física;Pós-venda;À vista;2025-09-10;2025-09-01;1091400;7570500;84240;1
FLO-001-2025-09;Empresas;8608;5;Sul & Centro-Oeste;7790;Regional Florianópolis;Regional Florianópolis;2002;Florianópolis Beira-Mar;2002;7999123;Rodrigo Azevedo;6888455;Sofia Martins;captacao;CAPTAÇÃO;captacao_liquida;Captação Líquida;Resgate;Carteira Atlântica;Digital;Cross-sell;À vista;2025-09-13;2025-09-01;1230500;8505000;74520;1
FLO-002-2025-09;Empresas;8608;5;Sul & Centro-Oeste;7790;Regional Florianópolis;Regional Florianópolis;2002;Florianópolis Beira-Mar;2002;7999123;Rodrigo Azevedo;6888455;Sofia Martins;credito;CRÉDITO;rotativo_pj_vol;Limite Rotativo PJ (Volume);Volume;Carteira Litoral;Digital;Cross-sell;À vista;2025-09-16;2025-09-01;1091400;8032500;117180;1
FLO-003-2025-09;Empresas;8608;5;Sul & Centro-Oeste;7790;Regional Florianópolis;Regional Florianópolis;2002;Florianópolis Beira-Mar;2002;7999123;Rodrigo Azevedo;6888455;Sofia Martins;ligadas;LIGADAS;seguros;Seguros;Seguros PJ;Carteira Litoral Proteção;Agência física;Venda consultiva;À vista;2025-09-18;2025-09-01;109.5;100.9;76896;1
GOI-001-2025-09;MEI;8888;5;Sul & Centro-Oeste;5599;Regional Goiânia;Regional Goiânia;2003;Goiânia Setor Bueno;2003;7456123;Helena Duarte;6554433;Tiago Andrade;clientes;CLIENTES;bradesco_expresso;Bradesco Expresso;Expresso;Carteira Centro-Oeste Expresso;Correspondente;Venda direta;À vista;2025-09-15;2025-09-01;106.4;98.5;55296;1
GOI-002-2025-09;MEI;8888;5;Sul & Centro-Oeste;5599;Regional Goiânia;Regional Goiânia;2003;Goiânia Setor Bueno;2003;7456123;Helena Duarte;6554433;Tiago Andrade;produtividade;PRODUTIVIDADE;sucesso_equipe_credito;Sucesso de Equipe Crédito;Equipe Crédito;Carteira Centro-Oeste Performance;APP Empresas;Pós-venda;À vista;2025-09-17;2025-09-01;103.6;96.1;66096;1
GOI-003-2025-09;MEI;8888;5;Sul & Centro-Oeste;5599;Regional Goiânia;Regional Goiânia;2003;Goiânia Setor Bueno;2003;7456123;Helena Duarte;6554433;Tiago Andrade;financeiro;FINANCEIRO;rec_vencidos_59;Recuperação de Vencidos até 59 dias;Carteira relacionamento;Carteira Centro-Oeste;Agência física;Venda direta;À vista;2025-09-11;2025-09-01;365940;2507400;49896;1
CAM-001-2025-09;Negócios;8609;2;Sudeste;7833;Regional Campinas;Regional Campinas;2004;Agência 2004 • Campinas Tech;2004;7332211;Patrícia Sampaio;6443322;Eduardo Freitas;captacao;CAPTAÇÃO;centralizacao;Centralização de Caixa;Cash;Carteira Inovação;APP Empresas;Venda consultiva;À vista;2025-09-09;2025-09-01;2268400;15708000;142020;1
CAM-002-2025-09;Negócios;8609;2;Sudeste;7833;Regional Campinas;Regional Campinas;2004;Agência 2004 • Campinas Tech;2004;7332211;Patrícia Sampaio;6443322;Eduardo Freitas;credito;CRÉDITO;rotativo_pj_qtd;Limite Rotativo PJ (Quantidade);Quantidade;Carteira Tecnologia;Correspondente;Venda direta;Parcelado;2025-09-19;2025-09-01;319.3;1984.5;106920;1
CAM-003-2025-09;Negócios;8609;2;Sudeste;7833;Regional Campinas;Regional Campinas;2004;Agência 2004 • Campinas Tech;2004;7332211;Patrícia Sampaio;6443322;Eduardo Freitas;ligadas;LIGADAS;consorcios;Consórcios;Consórcios PJ;Carteira Campinas Consórcios;Agência física;Venda consultiva;Parcelado;2025-09-22;2025-09-01;95.8;88.4;69660;1
CAP-LIQ-COE-APL-2025-09;Negcios;8609;1;Norte & Nordeste;1234;Regional Fortaleza;Regional Fortaleza;1001;Fortaleza Centro;1001;1026752;Danilo Dourado;9937874;Ana Lima;captacao;CAPTAÇÃO;captacao_liquida;Captação Líquida;Coe - Aplicação;Carteira Delta;Digital;Cross-sell;À vista;2025-09-10;2025-09-01;980000;7050000;52000;1
CAP-LIQ-COE-RES-2025-09;Negcios;8609;1;Norte & Nordeste;1234;Regional Fortaleza;Regional Fortaleza;1001;Fortaleza Centro;1001;1026752;Danilo Dourado;9937874;Ana Lima;captacao;CAPTAÇÃO;captacao_liquida;Captação Líquida;Coe - Resgate;Carteira Delta;Digital;Cross-sell;À vista;2025-09-10;2025-09-01;760000;5240000;41000;1
CAP-LIQ-DP-APL-2025-09;Negcios;8609;1;Norte & Nordeste;1234;Regional Fortaleza;Regional Fortaleza;1001;Fortaleza Centro;1001;1026752;Danilo Dourado;9937874;Ana Lima;captacao;CAPTAÇÃO;captacao_liquida;Captação Líquida;Depósito à Prazo - Aplicação;Carteira Delta;Digital;Cross-sell;À vista;2025-09-10;2025-09-01;890000;6480000;47000;1
CAP-LIQ-DP-RES-2025-09;Negcios;8609;1;Norte & Nordeste;1234;Regional Fortaleza;Regional Fortaleza;1001;Fortaleza Centro;1001;1026752;Danilo Dourado;9937874;Ana Lima;captacao;CAPTAÇÃO;captacao_liquida;Captação Líquida;Depósito à Prazo - Resgate;Carteira Delta;Digital;Cross-sell;À vista;2025-09-10;2025-09-01;640000;4680000;36000;1
CAP-LIQ-GRPOB-2025-09;Negcios;8609;1;Norte & Nordeste;1234;Regional Fortaleza;Regional Fortaleza;1001;Fortaleza Centro;1001;1026752;Danilo Dourado;9937874;Ana Lima;captacao;CAPTAÇÃO;captacao_liquida;Captação Líquida;Captação Líquida - Grupo B;Carteira Delta;Digital;Cross-sell;À vista;2025-09-10;2025-09-01;720000;5150000;39500;1
CAP-LIQ-INV-2025-09;Negcios;8609;1;Norte & Nordeste;1234;Regional Fortaleza;Regional Fortaleza;1001;Fortaleza Centro;1001;1026752;Danilo Dourado;9937874;Ana Lima;captacao;CAPTAÇÃO;captacao_liquida;Captação Líquida;Investfácil;Carteira Delta;Digital;Cross-sell;À vista;2025-09-10;2025-09-01;830000;5920000;45500;1
CAP-LIQ-INV-APL-2025-09;Negcios;8609;1;Norte & Nordeste;1234;Regional Fortaleza;Regional Fortaleza;1001;Fortaleza Centro;1001;1026752;Danilo Dourado;9937874;Ana Lima;captacao;CAPTAÇÃO;captacao_liquida;Captação Líquida;Investfácil - Aplicação;Carteira Delta;Digital;Cross-sell;À vista;2025-09-10;2025-09-01;520000;3710000;29000;1
CAP-LIQ-INV-RES-2025-09;Negcios;8609;1;Norte & Nordeste;1234;Regional Fortaleza;Regional Fortaleza;1001;Fortaleza Centro;1001;1026752;Danilo Dourado;9937874;Ana Lima;captacao;CAPTAÇÃO;captacao_liquida;Captação Líquida;Investfácil - Resgate;Carteira Delta;Digital;Cross-sell;À vista;2025-09-10;2025-09-01;430000;3080000;24500;1
CAP-LIQ-POUP-2025-09;Negcios;8609;1;Norte & Nordeste;1234;Regional Fortaleza;Regional Fortaleza;1001;Fortaleza Centro;1001;1026752;Danilo Dourado;9937874;Ana Lima;captacao;CAPTAÇÃO;captacao_liquida;Captação Líquida;Poupança;Carteira Delta;Digital;Cross-sell;À vista;2025-09-10;2025-09-01;910000;6630000;48500;1
CAP-LIQ-POUP-APL-2025-09;Negcios;8609;1;Norte & Nordeste;1234;Regional Fortaleza;Regional Fortaleza;1001;Fortaleza Centro;1001;1026752;Danilo Dourado;9937874;Ana Lima;captacao;CAPTAÇÃO;captacao_liquida;Captação Líquida;Poupança - Aplicação;Carteira Delta;Digital;Cross-sell;À vista;2025-09-10;2025-09-01;580000;4210000;31500;1
CAP-LIQ-POUP-RES-2025-09;Negcios;8609;1;Norte & Nordeste;1234;Regional Fortaleza;Regional Fortaleza;1001;Fortaleza Centro;1001;1026752;Danilo Dourado;9937874;Ana Lima;captacao;CAPTAÇÃO;captacao_liquida;Captação Líquida;Poupança - Resgate;Carteira Delta;Digital;Cross-sell;À vista;2025-09-10;2025-09-01;540000;3980000;29500;1
